{"optimizer": "AdamW", "lr": 0.00016172383314364133, "beta1": 0.9742336444341445, "beta2": 0.7838443796651792, "epsilon": 2.3366706456588562e-06, "weight_decay": 0.09313449464746298}